,Animal ID,Found Location,At AAC,Intake Date,Type,Looks Like,Color,Sex,Age,Image Link
0,A786320,35 AUSTIN78722,Yes (come to the shelter),12/22/2018,Dog,Pit Bull Mix,Fawn/White,Neutered Male,2 years,http://www.petharbor.com/pet.asp?uaid=ASTN.A786320
1,A786346,"23RD STREET
AUSTIN 78712",Yes (come to the shelter),12/22/2018,Cat,Domestic Shorthair Mix,Black/White,Neutered Male,4 months,http://www.petharbor.com/pet.asp?uaid=ASTN.A786346
2,A786359,2222 AUSTIN78731,No (contact for more info),12/22/2018,Dog,Miniature Poodle Mix,White,Unknown,2 years,http://www.petharbor.com/pet.asp?uaid=ASTN.A786359
3,A786323,"WEST BRODIE LANE
AUSTIN 78749",Yes (come to the shelter),12/22/2018,Dog,German Shepherd Mix,Black/Tan,Intact Male,6 years,http://www.petharbor.com/pet.asp?uaid=ASTN.A786323
4,A786326,"3819 SOUTHWAY DRIVE
AUSTIN 78704
(30.230786, -97.776039)",Yes (come to the shelter),12/22/2018,Dog,German Shorthair Pointer Mix,Brown/White,Neutered Male,2 years,http://www.petharbor.com/pet.asp?uaid=ASTN.A786326
5,A786324,"9708 MANCHACA ROAD
AUSTIN 78744
(30.175293, -97.823033)",No (contact for more info),12/22/2018,Cat,Domestic Shorthair Mix,Orange Tabby/White,Intact Male,5 weeks,http://www.petharbor.com/pet.asp?uaid=ASTN.A786324
6,A786363,"6828 NORTH IH
AUSTIN 78753",No (contact for more info),12/22/2018,Cat,Domestic Shorthair Mix,Black/White,Intact Female,7 months,http://www.petharbor.com/pet.asp?uaid=ASTN.A786363
7,A786366,"1137 MASON AVENUE
AUSTIN 78721
(30.274831, -97.684806)",No (contact for more info),12/22/2018,Dog,Chihuahua Shorthair/Dachshund,Tan/White,Intact Female,2 years,http://www.petharbor.com/pet.asp?uaid=ASTN.A786366
8,A786347,"23RD STREET
AUSTIN 78712",Yes (come to the shelter),12/22/2018,Cat,Domestic Shorthair Mix,Black/White,Spayed Female,4 months,http://www.petharbor.com/pet.asp?uaid=ASTN.A786347
9,A786367,"3607 GREYSTONE DRIVE
AUSTIN 78731
(30.358434, -97.753007)",No (contact for more info),12/22/2018,Cat,Domestic Shorthair Mix,Orange Tabby/White,Unknown,1 year,http://www.petharbor.com/pet.asp?uaid=ASTN.A786367
10,A786368,"WESTLAKE DRIVE
CAVES BEE CAVE 78746",No (contact for more info),12/22/2018,Dog,French Bulldog Mix,Black/White,Intact Female,5 years,http://www.petharbor.com/pet.asp?uaid=ASTN.A786368
11,A786369,"11216 CEDARCLIFFE DRIVE
AUSTIN 78750
(30.430399, -97.787014)",No (contact for more info),12/22/2018,Dog,Shih Tzu Mix,White,Intact Female,2 years,http://www.petharbor.com/pet.asp?uaid=ASTN.A786369
12,A786370,"2020 OXFORD AVENUE
AUSTIN 78704
(30.250265, -97.770632)",No (contact for more info),12/22/2018,Cat,Domestic Shorthair Mix,Brown Tabby/White,Unknown,4 months,http://www.petharbor.com/pet.asp?uaid=ASTN.A786370
13,A749505,"8528 PUTMAN
AUSTIN 78757",Yes (come to the shelter),12/22/2018,Dog,Chihuahua Shorthair Mix,Tan/Brown,Intact Male,2 years,http://www.petharbor.com/pet.asp?uaid=ASTN.A749505
14,A786379,"RIVERSIDE DRIVE
AUSTIN 78741",Yes (come to the shelter),12/23/2018,Dog,Akita Mix,Tan/Black,Neutered Male,3 years,http://www.petharbor.com/pet.asp?uaid=ASTN.A786379
15,A786382,"11551 MAHA LOOP
AUSTIN 78719
(30.096687, -97.684097)",No (contact for more info),12/23/2018,Dog,Australian Shepherd Mix,Chocolate/White,Intact Male,4 weeks,http://www.petharbor.com/pet.asp?uaid=ASTN.A786382
16,A786383,"11551 MAHA LOOP
AUSTIN 78719
(30.096687, -97.684097)",No (contact for more info),12/23/2018,Dog,Australian Shepherd Mix,Black/White,Intact Female,4 weeks,http://www.petharbor.com/pet.asp?uaid=ASTN.A786383
17,A786376,"11551 MAHA LOOP
AUSTIN 78719
(30.096687, -97.684097)",No (contact for more info),12/23/2018,Dog,Australian Shepherd Mix,White,Intact Female,4 weeks,http://www.petharbor.com/pet.asp?uaid=ASTN.A786376
18,A786378,"11551 MAHA LOOP
AUSTIN 78719
(30.096687, -97.684097)",No (contact for more info),12/23/2018,Dog,Australian Shepherd Mix,Tan/Black,Intact Male,4 weeks,http://www.petharbor.com/pet.asp?uaid=ASTN.A786378
19,A786380,"11551 MAHA LOOP
AUSTIN 78719
(30.096687, -97.684097)",No (contact for more info),12/23/2018,Dog,Australian Shepherd Mix,Tricolor,Intact Female,4 weeks,http://www.petharbor.com/pet.asp?uaid=ASTN.A786380
20,A786381,"11551 MAHA LOOP
AUSTIN 78719
(30.096687, -97.684097)",No (contact for more info),12/23/2018,Dog,Australian Shepherd Mix,Sable/White,Intact Male,4 weeks,http://www.petharbor.com/pet.asp?uaid=ASTN.A786381
21,A786387,"2262 ANDREW ZILKER ROAD
AUSTIN 78746
(30.266081, -97.773451)",No (contact for more info),12/23/2018,Dog,Labrador Retriever Mix,Black/White,Intact Female,6 weeks,http://www.petharbor.com/pet.asp?uaid=ASTN.A786387
22,A786388,"12304 DESSAU ROAD
AUSTIN 78753",No (contact for more info),12/23/2018,Cat,Domestic Shorthair Mix,Brown Tabby/White,Intact Male,1 year,http://www.petharbor.com/pet.asp?uaid=ASTN.A786388
23,A786390,"PANORAMA COURT
DEL VALLE 78617",Yes (come to the shelter),12/23/2018,Dog,Rottweiler,Red/Brown,Intact Male,2 years,http://www.petharbor.com/pet.asp?uaid=ASTN.A786390
24,A786391,"78702(30.264271, -97.71608)",Yes (come to the shelter),12/23/2018,Dog,Pit Bull Mix,Brown Brindle/White,Intact Female,1 year,http://www.petharbor.com/pet.asp?uaid=ASTN.A786391
25,A786392,"7469 SPIVEY DRIVE
AUSTIN 78749
(30.220273, -97.860182)",No (contact for more info),12/23/2018,Dog,Labrador Retriever Mix,Tan/White,Intact Female,3 years,http://www.petharbor.com/pet.asp?uaid=ASTN.A786392
26,A786398,"7601 DAFFAN LANE
AUSTIN 78724
(30.316965, -97.623758)",Yes (come to the shelter),12/23/2018,Dog,Siberian Husky Mix,Black/White,Intact Female,8 months,http://www.petharbor.com/pet.asp?uaid=ASTN.A786398
27,A786399,"16000 DECKER LAKE ROAD
AUSTIN 78653
(30.26298, -97.56487)",Yes (come to the shelter),12/23/2018,Cat,Domestic Longhair Mix,White,Intact Male,2 years,http://www.petharbor.com/pet.asp?uaid=ASTN.A786399
28,A786396,"1156 WEST CESAR CHAVEZ STREET
AUSTIN 78703
(30.268929, -97.760472)",Yes (come to the shelter),12/23/2018,Cat,Domestic Shorthair Mix,Black/White,Intact Male,2 years,http://www.petharbor.com/pet.asp?uaid=ASTN.A786396
29,A786400,"13553 RESEARCH BOULEVARD NORTHBOUND SERVICE ROAD
AUSTIN 78750",Yes (come to the shelter),12/23/2018,Cat,Domestic Medium Hair Mix,Chocolate,Unknown,2 years,http://www.petharbor.com/pet.asp?uaid=ASTN.A786400
30,A786407,"5732 ABILENE TRAIL
AUSTIN 78749
(30.222126, -97.863318)",No (contact for more info),12/23/2018,Cat,Domestic Longhair Mix,Black,Unknown,1 year,http://www.petharbor.com/pet.asp?uaid=ASTN.A786407
31,A786384,"11551 MAHA LOOP
AUSTIN 78719
(30.096687, -97.684097)",No (contact for more info),12/23/2018,Dog,Australian Shepherd Mix,Black/Tan,Intact Female,4 weeks,http://www.petharbor.com/pet.asp?uaid=ASTN.A786384
32,A786386,"11551 MAHA LOOP
AUSTIN 78719
(30.096687, -97.684097)",No (contact for more info),12/23/2018,Dog,Australian Shepherd Mix,Black/White,Intact Male,4 weeks,http://www.petharbor.com/pet.asp?uaid=ASTN.A786386
33,A786389,"PANORAMA COURT
DEL VALLE 78617",No (contact for more info),12/23/2018,Dog,Golden Retriever/Chow Chow,Red/White,Intact Female,2 years,http://www.petharbor.com/pet.asp?uaid=ASTN.A786389
34,A786402,"2508 E RIVERSIDE DRIVE
AUSTIN 78741
(30.234706, -97.723507)",No (contact for more info),12/23/2018,Dog,Golden Retriever Mix,Tan/White,Intact Male,8 months,http://www.petharbor.com/pet.asp?uaid=ASTN.A786402
35,A786393,"1700 EAST TERI ROAD
AUSTIN 78744
(30.2045, -97.756193)",Yes (come to the shelter),12/23/2018,Dog,Chihuahua Shorthair Mix,Tricolor,Neutered Male,1 year,http://www.petharbor.com/pet.asp?uaid=ASTN.A786393
36,A786413,"CATALINA DRIVE AUSTIN 78741
(30.227985, -97.716971)",No (contact for more info),12/23/2018,Dog,American Pit Bull Terrier Mix,White/Black,Intact Male,2 years,http://www.petharbor.com/pet.asp?uaid=ASTN.A786413
37,A786385,"11551 MAHA LOOP
AUSTIN 78719
(30.096687, -97.684097)",No (contact for more info),12/23/2018,Dog,Australian Shepherd Mix,Black/White,Intact Female,4 weeks,http://www.petharbor.com/pet.asp?uaid=ASTN.A786385
38,A783612,"AUSTIN 78702
(30.264271, -97.71608)",No (contact for more info),12/24/2018,Dog,Chihuahua Shorthair Mix,White/Brown,Intact Female,1 year,http://www.petharbor.com/pet.asp?uaid=ASTN.A783612
39,A786420,BRIARCREEK LOOP78653,Yes (come to the shelter),12/24/2018,Dog,Chihuahua Shorthair Mix,Black/White,Intact Female,1 year,http://www.petharbor.com/pet.asp?uaid=ASTN.A786420
40,A786421,"7800 JOHNNY MORRIS ROAD
AUSTIN 78724
(30.311114, -97.640116)",Yes (come to the shelter),12/24/2018,Dog,Chihuahua Shorthair Mix,Red/White,Intact Female,2 years,http://www.petharbor.com/pet.asp?uaid=ASTN.A786421
41,A786430,"EAST EAST OLTORF STREET
AUSTIN 78741",Yes (come to the shelter),12/24/2018,Dog,Belgian Malinois Mix,Black/Tan,Intact Male,9 months,http://www.petharbor.com/pet.asp?uaid=ASTN.A786430
42,A786434,"2429 VILLAGE VIEW LOOP
PFLUGERVILLE 78660
(30.464509, -97.584443)",No (contact for more info),12/24/2018,Cat,Domestic Shorthair Mix,Calico,Intact Female,6 months,http://www.petharbor.com/pet.asp?uaid=ASTN.A786434
43,A786423,"TODD LANE
ELMO AUSTIN 78744",Yes (come to the shelter),12/24/2018,Dog,Australian Cattle Dog Mix,White/Black,Intact Male,4 months,http://www.petharbor.com/pet.asp?uaid=ASTN.A786423
44,A786435,"5800 TECHNI CENTER DRIVE
AUSTIN 78721
(30.278441, -97.672073)",Yes (come to the shelter),12/24/2018,Cat,Domestic Longhair Mix,Gray Tabby/White,Intact Male,1 year,http://www.petharbor.com/pet.asp?uaid=ASTN.A786435
45,A786422,"JOHNNY MORRIS ROAD
AUSTIN 78724",Yes (come to the shelter),12/24/2018,Dog,Chihuahua Shorthair Mix,Tan,Intact Female,10 years,http://www.petharbor.com/pet.asp?uaid=ASTN.A786422
46,A786408,"734 SIMONETTI DRIVE
AUSTIN 78748
(30.17653, -97.803232)",No (contact for more info),12/23/2018,Dog,Chihuahua Shorthair Mix,Tan,Intact Female,5 years,http://www.petharbor.com/pet.asp?uaid=ASTN.A786408
47,A786419,"SHADY BROOK COVE
BASIN S 78746",No (contact for more info),12/24/2018,Dog,Chihuahua Shorthair/Pug,Red/White,Intact Female,9 months,http://www.petharbor.com/pet.asp?uaid=ASTN.A786419
48,A786411,"YAUPON DRIVE AUSTIN 78759
(30.40316, -97.753727)",No (contact for more info),12/23/2018,Dog,Cairn Terrier,Chocolate/Cream,Neutered Male,9 years,http://www.petharbor.com/pet.asp?uaid=ASTN.A786411
49,A786425,"4706 CABOB STREET
AUSTIN 78744
(30.192678, -97.743628)",Yes (come to the shelter),12/24/2018,Dog,German Shepherd,Black/Tan,Intact Male,2 years,http://www.petharbor.com/pet.asp?uaid=ASTN.A786425
50,A786427,"15100 FM
PFLUGERVILLE 78660",Yes (come to the shelter),12/24/2018,Dog,German Shepherd Mix,Brown,Intact Male,2 years,http://www.petharbor.com/pet.asp?uaid=ASTN.A786427
51,A786441,"VALDEZ
AUSTIN 78741",Yes (come to the shelter),12/24/2018,Dog,German Shepherd,Black/Brown,Intact Male,2 years,http://www.petharbor.com/pet.asp?uaid=ASTN.A786441
52,A771285,"KEN ST
AUSTIN 78753",Yes (come to the shelter),12/24/2018,Dog,Pit Bull/Labrador Retriever,White/Black,Intact Male,1 year,http://www.petharbor.com/pet.asp?uaid=ASTN.A771285
53,A786449,"1552 BURTON DRIVE
AUSTIN 78741
(30.239688, -97.727369)",No (contact for more info),12/25/2018,Dog,Miniature Pinscher Mix,Brown,Intact Female,1 year,http://www.petharbor.com/pet.asp?uaid=ASTN.A786449
54,A786450,"5190 BOB WIRE ROAD78669
(30.352162, -98.063721)",No (contact for more info),12/25/2018,Dog,Labrador Retriever Mix,Chocolate,Unknown,1 year,http://www.petharbor.com/pet.asp?uaid=ASTN.A786450
55,A786451,"902 EAST BLACK LOCUST DRIVE
PFLUGERVILLE 78660
(30.455522, -97.622702)",No (contact for more info),12/25/2018,Dog,Lhasa Apso Mix,White/Tan,Intact Female,2 years,http://www.petharbor.com/pet.asp?uaid=ASTN.A786451
56,A786452,"SPRINGFIELD DRIVE
AUSTIN 78744",No (contact for more info),12/25/2018,Dog,German Shepherd Mix,Black/Brown,Unknown,6 years,http://www.petharbor.com/pet.asp?uaid=ASTN.A786452
57,A786453,"SPRINGFIELD DRIVE
AUSTIN 78744",No (contact for more info),12/25/2018,Dog,German Shepherd Mix,Black/Brown,Unknown,6 years,http://www.petharbor.com/pet.asp?uaid=ASTN.A786453
58,A786457,"THAXTON ROAD 78747
(30.133523, -97.757228)",Yes (come to the shelter),12/25/2018,Dog,Chihuahua Shorthair Mix,Tan/Brown,Intact Male,2 years,http://www.petharbor.com/pet.asp?uaid=ASTN.A786457
59,A786456,"12001 DESSAU
AUSTIN 78754
(30.379621, -97.653736)",Yes (come to the shelter),12/25/2018,Dog,Great Pyrenees,White,Intact Female,2 years,http://www.petharbor.com/pet.asp?uaid=ASTN.A786456
60,A786458,"1999 BELFORD DRIVE
AUSTIN 78757
(30.35574, -97.726305)",No (contact for more info),12/25/2018,Dog,German Shepherd,Black/Brown,Intact Female,5 months,http://www.petharbor.com/pet.asp?uaid=ASTN.A786458
61,A786459,"7721 MANCHACA ROAD
AUSTIN 78745
(30.194133, -97.811066)",No (contact for more info),12/25/2018,Dog,Boston Terrier Mix,Chocolate/White,Intact Female,1 year,http://www.petharbor.com/pet.asp?uaid=ASTN.A786459
62,A753455,"4553 GUADALUPE
AUSTIN 78745
(30.312476, -97.731894)",Yes (come to the shelter),12/26/2018,Dog,Australian Shepherd,White,Neutered Male,2 years,http://www.petharbor.com/pet.asp?uaid=ASTN.A753455
63,A786446,"1156 WEST CESAR CHAVEZ STREET
AUSTIN 78703
(30.268929, -97.760472)",Yes (come to the shelter),12/24/2018,Dog,Border Collie,Black/White,Intact Male,1 year,http://www.petharbor.com/pet.asp?uaid=ASTN.A786446
64,A786464,"10003 WAYSIDE BLVD
AUSTIN 78745
(30.272571, -97.621138)",Yes (come to the shelter),12/26/2018,Cat,Domestic Shorthair,Orange Tabby,Neutered Male,8 months,http://www.petharbor.com/pet.asp?uaid=ASTN.A786464
65,A786511,"HIGHLAND HILLS TERRACE AUSTIN 78731
(30.345658, -97.765626)",No (contact for more info),12/26/2018,Cat,Domestic Shorthair Mix,Orange Tabby/White,Unknown,1 year,http://www.petharbor.com/pet.asp?uaid=ASTN.A786511
66,A786473,"124 WEST ANDERSON LANE
AUSTIN 78752
(30.344335, -97.705529)",Yes (come to the shelter),12/26/2018,Dog,Labrador Retriever/Border Collie,Black/White,Intact Male,1 year,http://www.petharbor.com/pet.asp?uaid=ASTN.A786473
67,A774659,"12034 RESEARCH
AUSTIN 78744
(30.424971, -97.751545)",Yes (come to the shelter),12/26/2018,Cat,Domestic Shorthair Mix,Brown Tabby,Spayed Female,1 year,http://www.petharbor.com/pet.asp?uaid=ASTN.A774659
68,A707467,"3002 CASTRO STREET
AUSTIN 78702
(30.261896, -97.705981)",No (contact for more info),12/26/2018,Dog,Italian Greyhound/Chihuahua Shorthair,Tan,Spayed Female,5 years,http://www.petharbor.com/pet.asp?uaid=ASTN.A707467
69,A786478,"AUSTIN 78739
(30.182911, -97.890498)",Yes (come to the shelter),12/26/2018,Dog,German Shepherd Mix,Black/Tan,Intact Female,6 months,http://www.petharbor.com/pet.asp?uaid=ASTN.A786478
70,A786480,"BRANDT ROAD AUSTIN 78744
(30.186349, -97.738673)",Yes (come to the shelter),12/26/2018,Dog,Chihuahua Shorthair Mix,Cream,Intact Female,6 years,http://www.petharbor.com/pet.asp?uaid=ASTN.A786480
71,A771583,"906 BIRD CREEK
AUSTIN 78753
(30.370995, -97.696354)",Yes (come to the shelter),12/24/2018,Dog,Labrador Retriever/Great Pyrenees,White/Brown,Intact Male,11 months,http://www.petharbor.com/pet.asp?uaid=ASTN.A771583
72,A786469,"14904 BROKEN BOW TRL
AUSTIN 78733
(30.384784, -97.928056)",Yes (come to the shelter),12/26/2018,Dog,Pit Bull Mix,White,Neutered Male,3 years,http://www.petharbor.com/pet.asp?uaid=ASTN.A786469
73,A786476,"SLAUGHTER LANE AUSTIN 78745
(30.206782, -97.798214)",Yes (come to the shelter),12/26/2018,Dog,Shih Tzu Mix,Cream/Tan,Intact Female,5 years,http://www.petharbor.com/pet.asp?uaid=ASTN.A786476
74,A786477,"12118 WALNUT PARK CROSSING
AUSTIN 78753
(30.39307, -97.676452)",Yes (come to the shelter),12/26/2018,Cat,Domestic Longhair Mix,Orange Tabby/White,Intact Male,1 year,http://www.petharbor.com/pet.asp?uaid=ASTN.A786477
75,A786482,"13212 CLARA MARTIN ROAD MANOR78653
(30.353019, -97.516109)",No (contact for more info),12/26/2018,Cat,Domestic Shorthair Mix,Brown Tabby/White,Intact Male,2 years,http://www.petharbor.com/pet.asp?uaid=ASTN.A786482
76,A786483,"WEST GUADALUPE
AUSTIN 78701",Yes (come to the shelter),12/26/2018,Dog,German Shepherd/Beagle,Tricolor,Intact Female,2 years,http://www.petharbor.com/pet.asp?uaid=ASTN.A786483
77,A786486,2302 AUSTIN78704,Yes (come to the shelter),12/26/2018,Cat,Domestic Medium Hair Mix,Black,Intact Female,1 year,http://www.petharbor.com/pet.asp?uaid=ASTN.A786486
78,A786487,"2430 CROMWELL CIRCLE
AUSTIN 78741
(30.226563, -97.721184)",Yes (come to the shelter),12/26/2018,Dog,Chihuahua Shorthair Mix,Red,Intact Female,2 years,http://www.petharbor.com/pet.asp?uaid=ASTN.A786487
79,A786493,"LUNAR DRIVE
AUSTIN 78745",Yes (come to the shelter),12/26/2018,Dog,Yorkshire Terrier/Norfolk Terrier,Gold,Intact Male,1 year,http://www.petharbor.com/pet.asp?uaid=ASTN.A786493
80,A786505,"SOUTH EAST PLEASANT VALLEY
AUSTIN 78744",No (contact for more info),12/26/2018,Dog,German Shepherd Mix,Brown/Black,Unknown,2 years,http://www.petharbor.com/pet.asp?uaid=ASTN.A786505
81,A786507,"JIM THORPE LANE AUSTIN 78748
(30.166107, -97.825259)",Yes (come to the shelter),12/26/2018,Dog,Shih Tzu Mix,Black/White,Intact Female,2 years,http://www.petharbor.com/pet.asp?uaid=ASTN.A786507
82,A786502,"12100 WALTON HILL PASS78615
(30.434108, -97.48287)",Yes (come to the shelter),12/26/2018,Dog,Doberman Pinsch Mix,Chocolate/Tan,Intact Female,6 months,http://www.petharbor.com/pet.asp?uaid=ASTN.A786502
83,A786509,"605 SEVILLE DRIVE
AUSTIN 78724",Yes (come to the shelter),12/26/2018,Dog,German Shepherd Mix,Black/Tan,Spayed Female,4 years,http://www.petharbor.com/pet.asp?uaid=ASTN.A786509
84,A786510,"1054 SPRINGDALE ROAD
AUSTIN 78721
(30.272605, -97.691021)",Yes (come to the shelter),12/26/2018,Cat,Domestic Medium Hair Mix,Calico,Intact Female,4 months,http://www.petharbor.com/pet.asp?uaid=ASTN.A786510
85,A786512,"18713 GREAT FALLS DRIVE MANOR78653
(30.318159, -97.527095)",Yes (come to the shelter),12/26/2018,Cat,Domestic Shorthair Mix,Orange Tabby/White,Intact Male,8 weeks,http://www.petharbor.com/pet.asp?uaid=ASTN.A786512
86,A786513,"18713 GREAT FALLS DRIVE MANOR78653
(30.318159, -97.527095)",Yes (come to the shelter),12/26/2018,Cat,Domestic Shorthair Mix,Calico,Intact Female,1 year,http://www.petharbor.com/pet.asp?uaid=ASTN.A786513
87,A786514,"18713 GREAT FALLS DRIVE MANOR78653
(30.318159, -97.527095)",Yes (come to the shelter),12/26/2018,Cat,Domestic Shorthair Mix,Tortie,Intact Female,8 weeks,http://www.petharbor.com/pet.asp?uaid=ASTN.A786514
88,A786516,"10308 BROWNIE DRIVE
AUSTIN 78753
(30.368966, -97.683878)",Yes (come to the shelter),12/26/2018,Cat,Domestic Shorthair Mix,Tortie,Intact Female,6 weeks,http://www.petharbor.com/pet.asp?uaid=ASTN.A786516
89,A786517,"4460 EILERS AVENUE
AUSTIN 78751
(30.30495, -97.722787)",No (contact for more info),12/26/2018,Dog,Boxer Mix,Tan/White,Unknown,2 years,http://www.petharbor.com/pet.asp?uaid=ASTN.A786517
90,A786518,"4460 EILERS AVENUE
AUSTIN 78751
(30.30495, -97.722787)",No (contact for more info),12/26/2018,Dog,Beagle Mix,Tan/White,Unknown,2 years,http://www.petharbor.com/pet.asp?uaid=ASTN.A786518
91,A786519,"4460 EILERS AVENUE
AUSTIN 78751
(30.30495, -97.722787)",No (contact for more info),12/26/2018,Dog,Beagle Mix,Tan/White,Unknown,2 years,http://www.petharbor.com/pet.asp?uaid=ASTN.A786519
92,A786526,RUIDOSA STREET78719,Yes (come to the shelter),12/27/2018,Dog,German Shepherd Mix,Black,Intact Male,1 year,http://www.petharbor.com/pet.asp?uaid=ASTN.A786526
93,A566568,"7001 BOYLE DRIVE
AUSTIN 78724
(30.304982, -97.64592)",Yes (come to the shelter),12/27/2018,Dog,Harrier Mix,Brown/Black,Neutered Male,9 years,http://www.petharbor.com/pet.asp?uaid=ASTN.A566568
94,A783120,"8804 CAINWOOD LN
AUSTIN 78729
(30.455794, -97.772229)",Yes (come to the shelter),12/27/2018,Dog,Rottweiler Mix,Black/Tan,Intact Male,2 years,http://www.petharbor.com/pet.asp?uaid=ASTN.A783120
95,A786528,"ANITA MARIE LANE AUSTIN 78728
(30.450836, -97.682765)",No (contact for more info),12/27/2018,Dog,Boxer Mix,Red/White,Intact Female,5 months,http://www.petharbor.com/pet.asp?uaid=ASTN.A786528
96,A786522,"973 AUSTIN78617
(29.689274, -97.67095)",Yes (come to the shelter),12/27/2018,Dog,Staffordshire/Border Collie,Black/White,Intact Female,2 years,http://www.petharbor.com/pet.asp?uaid=ASTN.A786522
97,A786527,"10300 DOYLE ROAD
DEL VALLE 78617
(30.097883, -97.617081)",Yes (come to the shelter),12/27/2018,Dog,Chihuahua Shorthair Mix,Black/White,Intact Female,1 year,http://www.petharbor.com/pet.asp?uaid=ASTN.A786527
98,A786534,"7301 DUNGAREES WAY
DEL VALLE 78617",Yes (come to the shelter),12/27/2018,Dog,German Shepherd Mix,Tan,Intact Female,8 weeks,http://www.petharbor.com/pet.asp?uaid=ASTN.A786534
99,A786535,"7301 DUNGAREES WAY
DEL VALLE 78617",Yes (come to the shelter),12/27/2018,Dog,German Shepherd Mix,Black/Tan,Intact Male,8 weeks,http://www.petharbor.com/pet.asp?uaid=ASTN.A786535
100,A786530,"5604 MESQUITE GROVE ROAD
AUSTIN 78744
(30.191052, -97.735684)",Yes (come to the shelter),12/27/2018,Cat,Domestic Longhair Mix,Blue Tabby/White,Intact Female,8 months,http://www.petharbor.com/pet.asp?uaid=ASTN.A786530
101,A786531,"1421 BERENE AVENUE
AUSTIN 78721
(30.281666, -97.683277)",Yes (come to the shelter),12/27/2018,Cat,Domestic Shorthair Mix,Black,Intact Male,6 years,http://www.petharbor.com/pet.asp?uaid=ASTN.A786531
102,A785786,"8416 RIVERSTONE DRIVE
AUSTIN 78724
(30.294316, -97.627548)",No (contact for more info),12/28/2018,Dog,Labrador Retriever Mix,Yellow,Intact Female,6 months,http://www.petharbor.com/pet.asp?uaid=ASTN.A785786
103,A786636,"71 AND
AUSTIN 78741",No (contact for more info),12/28/2018,Dog,Golden Retriever Mix,Tan/Buff,Unknown,4 years,http://www.petharbor.com/pet.asp?uaid=ASTN.A786636
104,A786539,"ELROY ROAD
DEL VALLE 78617",Yes (come to the shelter),12/27/2018,Dog,St. Bernard Rough Coat Mix,Black/Tan,Intact Female,7 weeks,http://www.petharbor.com/pet.asp?uaid=ASTN.A786539
105,A786540,"ELROY ROAD
DEL VALLE 78617",Yes (come to the shelter),12/27/2018,Dog,St. Bernard Rough Coat Mix,Tricolor/Tan,Intact Female,7 weeks,http://www.petharbor.com/pet.asp?uaid=ASTN.A786540
106,A786541,"EAST RIVERSIDE DRIVE
AUSTIN 78741",Yes (come to the shelter),12/27/2018,Dog,Cairn Terrier Mix,Gray/Brown,Intact Female,2 years,http://www.petharbor.com/pet.asp?uaid=ASTN.A786541
107,A786542,"EAST UPHILL LANE
AUSTIN 78741",Yes (come to the shelter),12/27/2018,Dog,Welsh Terrier Mix,White,Intact Female,4 months,http://www.petharbor.com/pet.asp?uaid=ASTN.A786542
108,A786543,"EAST UPHILL LANE
AUSTIN 78741",Yes (come to the shelter),12/27/2018,Dog,Welsh Terrier Mix,White,Intact Female,4 months,http://www.petharbor.com/pet.asp?uaid=ASTN.A786543
109,A786545,"3200 GOODWIN AVENUE
AUSTIN 78702
(30.269459, -97.700244)",No (contact for more info),12/27/2018,Dog,Doberman Pinsch Mix,Black/Brown,Unknown,2 months,http://www.petharbor.com/pet.asp?uaid=ASTN.A786545
110,A698663,"2900 EAST THIRD STREET
AUSTIN 78702
(30.254398, -97.710788)",Yes (come to the shelter),12/27/2018,Dog,Labrador Retriever,Yellow,Neutered Male,4 years,http://www.petharbor.com/pet.asp?uaid=ASTN.A698663
111,A711114,"7201 LEVANDER LOOP
AUSTIN 78702
(30.251079, -97.691727)",Yes (come to the shelter),12/27/2018,Dog,Black Mouth Cur/Catahoula,Black Brindle/White,Spayed Female,3 years,http://www.petharbor.com/pet.asp?uaid=ASTN.A711114
112,A786550,"6806 LEXINGTON ROAD
AUSTIN 78757
(30.349883, -97.747234)",Yes (come to the shelter),12/27/2018,Cat,Domestic Shorthair Mix,Orange Tabby,Intact Male,2 months,http://www.petharbor.com/pet.asp?uaid=ASTN.A786550
113,A786547,"EAST BROWNING STREET
GRANGE STREET MANOR 78653",Yes (come to the shelter),12/27/2018,Dog,Pit Bull Mix,Blue/White,Intact Male,1 year,http://www.petharbor.com/pet.asp?uaid=ASTN.A786547
114,A786551,"4510 CASWELL AVENUE
AUSTIN 78751
(30.306107, -97.720543)",No (contact for more info),12/27/2018,Cat,Domestic Shorthair Mix,Orange Tabby,Neutered Male,2 years,http://www.petharbor.com/pet.asp?uaid=ASTN.A786551
115,A786618,"EAST 45TH STREET
AUSTIN 78751",Yes (come to the shelter),12/28/2018,Dog,Boxer Mix,Tricolor,Neutered Male,5 years,http://www.petharbor.com/pet.asp?uaid=ASTN.A786618
116,A786619,"EAST 45TH STREET
AUSTIN 78751",Yes (come to the shelter),12/28/2018,Dog,Labrador Retriever Mix,Tan/White,Intact Female,3 years,http://www.petharbor.com/pet.asp?uaid=ASTN.A786619
117,A786620,"EAST 45TH STREET
AUSTIN 78751",Yes (come to the shelter),12/28/2018,Dog,Labrador Retriever Mix,Brown Brindle/White,Intact Female,2 years,http://www.petharbor.com/pet.asp?uaid=ASTN.A786620
118,A786558,"2313 BURLESON ROAD
AUSTIN 78741
(30.230293, -97.735795)",No (contact for more info),12/27/2018,Dog,Alaskan Husky Mix,Black/White,Unknown,2 years,http://www.petharbor.com/pet.asp?uaid=ASTN.A786558
119,A786564,"12300 VON QUINTUS RD
AUSTIN 78719
(30.105097, -97.672067)",Yes (come to the shelter),12/27/2018,Dog,Great Pyrenees Mix,White,Intact Female,2 years,http://www.petharbor.com/pet.asp?uaid=ASTN.A786564
120,A786565,"TURTLE DOVE DRIVE
AUSTIN 78744",Yes (come to the shelter),12/27/2018,Dog,Boxer Mix,Tricolor,Intact Female,8 months,http://www.petharbor.com/pet.asp?uaid=ASTN.A786565
121,A786567,"12300 VON QUINTUS RD
AUSTIN 78617
(30.105097, -97.672067)",Yes (come to the shelter),12/27/2018,Dog,German Shepherd Mix,Black/Tan,Intact Male,2 years,http://www.petharbor.com/pet.asp?uaid=ASTN.A786567
122,A786568,"116 INNER CAMPUS DRIVE
AUSTIN 78712
(30.286552, -97.73858)",Yes (come to the shelter),12/27/2018,Cat,Domestic Shorthair Mix,Black,Intact Male,5 months,http://www.petharbor.com/pet.asp?uaid=ASTN.A786568
123,A786574,"2453 BASTROP HIGHWAY
DEL VALLE 78617",Yes (come to the shelter),12/27/2018,Dog,Pit Bull Mix,Blue/White,Intact Male,1 year,http://www.petharbor.com/pet.asp?uaid=ASTN.A786574
124,A786566,18916 FM78645,Yes (come to the shelter),12/27/2018,Dog,Labrador Retriever Mix,Black/White,Neutered Male,2 years,http://www.petharbor.com/pet.asp?uaid=ASTN.A786566
125,A786577,973 AUSTIN78719,Yes (come to the shelter),12/27/2018,Dog,Rat Terrier Mix,Tricolor/White,Neutered Male,2 years,http://www.petharbor.com/pet.asp?uaid=ASTN.A786577
126,A786578,973 AUSTIN78719,Yes (come to the shelter),12/27/2018,Dog,Rat Terrier,Brown,Neutered Male,2 years,http://www.petharbor.com/pet.asp?uaid=ASTN.A786578
127,A786579,973 AUSTIN78719,Yes (come to the shelter),12/27/2018,Dog,Rat Terrier,White/Tan,Intact Male,2 years,http://www.petharbor.com/pet.asp?uaid=ASTN.A786579
128,A786580,973 AUSTIN78719,Yes (come to the shelter),12/27/2018,Dog,Rat Terrier,White/Tan,Intact Female,2 years,http://www.petharbor.com/pet.asp?uaid=ASTN.A786580
129,A661395,"AUSTIN 78702
(30.264271, -97.71608)",No (contact for more info),12/27/2018,Dog,Labrador Retriever/Beagle,Tan/White,Spayed Female,10 years,http://www.petharbor.com/pet.asp?uaid=ASTN.A661395
130,A786581,"8201 RIVERSTONE DRIVE
AUSTIN 78724
(30.293686, -97.63088)",Yes (come to the shelter),12/27/2018,Cat,Domestic Shorthair Mix,Orange Tabby,Intact Male,2 months,http://www.petharbor.com/pet.asp?uaid=ASTN.A786581
131,A786582,"8201 RIVERSTONE DR
AUSTIN 78724
(30.293686, -97.63088)",Yes (come to the shelter),12/28/2018,Cat,Domestic Shorthair Mix,Tortie,Intact Female,4 months,http://www.petharbor.com/pet.asp?uaid=ASTN.A786582
132,A786583,"6500 WAY LANE
AUSTIN 78739
(30.188484, -97.896996)",Yes (come to the shelter),12/28/2018,Cat,Domestic Shorthair Mix,Orange,Neutered Male,1 year,http://www.petharbor.com/pet.asp?uaid=ASTN.A786583
133,A786576,"6919 SHANNON DRIVE
AUSTIN 78724
(30.301746, -97.64131)",Yes (come to the shelter),12/27/2018,Cat,Domestic Shorthair Mix,Tortie,Intact Female,7 weeks,http://www.petharbor.com/pet.asp?uaid=ASTN.A786576
134,A786586,"4509 EAST ST
ELMO AUSTIN 78744",Yes (come to the shelter),12/28/2018,Dog,Labrador Retriever Mix,Black/White,Intact Female,1 year,http://www.petharbor.com/pet.asp?uaid=ASTN.A786586
135,A786592,"4812 NORTH IH
AUSTIN 78751
(30.31215, -97.72244)",Yes (come to the shelter),12/28/2018,Dog,Labrador Retriever Mix,Brown/White,Intact Male,5 months,http://www.petharbor.com/pet.asp?uaid=ASTN.A786592
136,A786596,"979 SPRINGDALE ROAD
AUSTIN 78702
(30.263918, -97.696604)",No (contact for more info),12/28/2018,Dog,Labrador Retriever Mix,Black/White,Unknown,2 months,http://www.petharbor.com/pet.asp?uaid=ASTN.A786596
137,A786597,"979 SPRINGDALE ROAD
AUSTIN 78702
(30.263918, -97.696604)",No (contact for more info),12/28/2018,Dog,Labrador Retriever Mix,Brown/White,Unknown,2 months,http://www.petharbor.com/pet.asp?uaid=ASTN.A786597
138,A786585,"13729 FALL SPRINGS WAY78653
(30.365301, -97.539069)",Yes (come to the shelter),12/28/2018,Dog,American Pit Bull Terrier Mix,Black/White,Intact Male,2 years,http://www.petharbor.com/pet.asp?uaid=ASTN.A786585
139,A786593,"7619 EAST BEN
WHITE AUSTIN 78741",Yes (come to the shelter),12/28/2018,Dog,Staffordshire Mix,Tan/White,Intact Female,1 year,http://www.petharbor.com/pet.asp?uaid=ASTN.A786593
140,A786601,WOOD LILY TRAIL78621,Yes (come to the shelter),12/28/2018,Dog,Siberian Husky Mix,Black/White,Intact Female,2 years,http://www.petharbor.com/pet.asp?uaid=ASTN.A786601
141,A786602,"15916 ROUND MOUNTAIN ROAD
LEANDER 78641
(30.591915, -97.937593)",No (contact for more info),12/28/2018,Dog,Australian Cattle Dog Mix,Blue Tick,Unknown,2 years,http://www.petharbor.com/pet.asp?uaid=ASTN.A786602
142,A786604,"5403 LARK CREEK DRIVE
AUSTIN 78744
(30.194749, -97.735427)",Yes (come to the shelter),12/28/2018,Dog,Pit Bull Mix,Blue/White,Intact Female,6 months,http://www.petharbor.com/pet.asp?uaid=ASTN.A786604
143,A786587,"4509 EAST ST
ELMO AUSTIN 78744",Yes (come to the shelter),12/28/2018,Dog,Pit Bull Mix,Chocolate/White,Intact Male,4 years,http://www.petharbor.com/pet.asp?uaid=ASTN.A786587
144,A786598,"7337 DUNGAREES WAY
DEL VALLE 78617",Yes (come to the shelter),12/28/2018,Dog,German Shepherd Mix,Black/Brown,Intact Male,8 weeks,http://www.petharbor.com/pet.asp?uaid=ASTN.A786598
145,A786599,"7337 DUNGAREES WAY
DEL VALLE 78617",Yes (come to the shelter),12/28/2018,Dog,German Shepherd Mix,Brown/Black,Intact Male,8 weeks,http://www.petharbor.com/pet.asp?uaid=ASTN.A786599
146,A773909,"TWELTH STREET
AUSTIN 78721",Yes (come to the shelter),12/28/2018,Dog,Staffordshire Mix,Fawn/Tricolor,Intact Male,1 year,http://www.petharbor.com/pet.asp?uaid=ASTN.A773909
147,A786321,"5700 HIGHWAY
AUSTIN 78741",Yes (come to the shelter),12/22/2018,Dog,Plott Hound Mix,Brown Brindle/White,Neutered Male,1 year,http://www.petharbor.com/pet.asp?uaid=ASTN.A786321
148,A786606,"1600 SOUTH LAKELINE
AUSTIN 78613
(30.482348, -97.834472)",Yes (come to the shelter),12/28/2018,Dog,Anatolian Shepherd,Brown/Black,Intact Male,2 months,http://www.petharbor.com/pet.asp?uaid=ASTN.A786606
149,A786609,"AUSTIN 78745
(30.206782, -97.798214)",Yes (come to the shelter),12/28/2018,Dog,Anatolian Shepherd Mix,Brown/Tan,Intact Male,2 years,http://www.petharbor.com/pet.asp?uaid=ASTN.A786609
150,A637940,"1054 SPRINGDALE
AUSTIN AUSTIN 78721
(30.272605, -97.691021)",Yes (come to the shelter),12/28/2018,Dog,Pit Bull Mix,Brown/White,Spayed Female,9 years,http://www.petharbor.com/pet.asp?uaid=ASTN.A637940
151,A741680,"AIRPORT
AUSTIN 78721",Yes (come to the shelter),12/28/2018,Dog,Labrador Retriever Mix,Yellow,Neutered Male,5 years,http://www.petharbor.com/pet.asp?uaid=ASTN.A741680
152,A786588,"5409 PONCIANA DR
AUSTIN 78744
(30.198004, -97.755621)",Yes (come to the shelter),12/28/2018,Dog,Pit Bull Mix,Black/White,Spayed Female,2 years,http://www.petharbor.com/pet.asp?uaid=ASTN.A786588
153,A786608,"21101 HOG EYE RD78653
(30.297337, -97.483891)",Yes (come to the shelter),12/28/2018,Dog,Labrador Retriever Mix,White,Intact Female,5 months,http://www.petharbor.com/pet.asp?uaid=ASTN.A786608
154,A786627,"6902 WENTWORTH DRIVE
AUSTIN 78724
(30.295206, -97.629718)",Yes (come to the shelter),12/28/2018,Dog,Labrador Retriever,Black,Intact Female,1 year,http://www.petharbor.com/pet.asp?uaid=ASTN.A786627
155,A786628,"10702 SAN JOSE AVENUE
DEL VALLE 78617
(30.148063, -97.668763)",Yes (come to the shelter),12/28/2018,Dog,Shetland Sheepdog Mix,Tricolor,Intact Male,10 years,http://www.petharbor.com/pet.asp?uaid=ASTN.A786628
156,A786631,"1604 WHELESS LANE
AUSTIN 78723
(30.319213, -97.691615)",Yes (come to the shelter),12/28/2018,Dog,Chihuahua Shorthair Mix,Red,Unknown,2 years,http://www.petharbor.com/pet.asp?uaid=ASTN.A786631
157,A786632,"1604 WHELESS LANE
AUSTIN 78723
(30.319213, -97.691615)",Yes (come to the shelter),12/28/2018,Dog,Chihuahua Shorthair Mix,Red,Intact Male,2 years,http://www.petharbor.com/pet.asp?uaid=ASTN.A786632
158,A786634,"502 WEST OLTORF STREET
AUSTIN 78704
(30.241425, -97.758143)",Yes (come to the shelter),12/28/2018,Cat,Domestic Longhair Mix,Tortie,Intact Female,9 months,http://www.petharbor.com/pet.asp?uaid=ASTN.A786634
159,A786635,"11005 FLORAL PARK DRIVE
AUSTIN 78759
(30.407433, -97.749697)",Yes (come to the shelter),12/28/2018,Cat,Domestic Shorthair Mix,Black,Neutered Male,3 years,http://www.petharbor.com/pet.asp?uaid=ASTN.A786635
